Flow,Head,Efficiency
0.01,49.68,0.6839999999999999
0.020000000000000004,49.82,0.691
0.030000000000000006,49.92,0.696
0.04000000000000001,49.98,0.699
0.05000000000000001,50.0,0.7
0.06000000000000001,49.98,0.699
0.07,49.92,0.696
0.08,49.82,0.691
0.09000000000000001,49.68,0.6839999999999999
0.1,49.5,0.6749999999999999
